UserID,RechargeID,Date,Amount,Validity,DataPackType
2,1002,21-01-2023,100,90,Premium
19,1003,18-06-2023,60,50,Standard
18,1004,17-07-2023,30,20,Basic
4,1005,11-02-2023,20,10,Basic
20,1006,02-07-2023,60,50,Standard
18,1007,13-01-2023,20,10,Basic
5,1008,07-04-2023,40,30,Standard
7,1009,12-02-2023,80,70,Premium
20,1010,29-05-2023,90,80,Premium
17,1011,01-07-2023,30,20,Basic
5,1012,21-01-2023,70,60,Premium
14,1013,12-03-2023,80,70,Premium
16,1014,07-02-2023,20,10,Basic
2,1015,18-05-2023,40,30,Standard
11,1016,16-07-2023,90,80,Premium
3,1017,16-05-2023,70,60,Premium
17,1018,26-04-2023,100,90,Premium
4,1019,01-08-2023,20,10,Basic
12,1020,18-04-2023,50,40,Standard
6,1021,25-05-2023,90,80,Premium
15,1022,16-06-2023,40,30,Standard
16,1023,02-06-2023,100,90,Premium
17,1024,24-02-2023,20,10,Basic
15,1025,02-05-2023,20,10,Basic
1,1026,18-01-2023,100,90,Premium
7,1027,17-02-2023,70,60,Premium
18,1028,09-05-2023,20,10,Basic
15,1029,04-01-2023,20,10,Basic
10,1030,10-05-2023,60,50,Standard
13,1031,04-07-2023,80,70,Premium
21,1032,31-01-2023,80,70,Premium
4,1033,08-03-2023,20,10,Basic
21,1034,10-06-2023,40,30,Standard
14,1035,02-01-2023,80,70,Premium
4,1036,17-01-2023,60,50,Standard
24,1037,17-05-2023,90,80,Premium
10,1038,07-03-2023,90,80,Premium
16,1039,22-03-2023,20,10,Basic
13,1040,20-03-2023,20,10,Basic
20,1041,21-06-2023,20,10,Basic
21,1042,05-05-2023,70,60,Premium
4,1043,02-06-2023,90,80,Premium
16,1044,07-06-2023,60,50,Standard
19,1045,27-02-2023,50,40,Standard
21,1046,08-07-2023,70,60,Premium
8,1047,21-06-2023,90,80,Premium
13,1048,14-06-2023,80,70,Premium
22,1049,23-04-2023,80,70,Premium
24,1050,26-02-2023,70,60,Premium
21,1051,20-06-2023,30,20,Basic
23,1052,23-01-2023,90,80,Premium
10,1053,25-03-2023,40,30,Standard
19,1054,25-07-2023,50,40,Standard
25,1055,14-02-2023,80,70,Premium
11,1056,08-04-2023,100,90,Premium
23,1057,16-07-2023,90,80,Premium
10,1058,08-05-2023,90,80,Premium
20,1059,02-06-2023,100,90,Premium
11,1060,25-02-2023,40,30,Standard
12,1061,16-02-2023,30,20,Basic
8,1062,18-01-2023,40,30,Standard
12,1063,15-06-2023,70,60,Premium
15,1064,05-01-2023,90,80,Premium
3,1065,07-01-2023,50,40,Standard
16,1066,10-04-2023,70,60,Premium
23,1067,01-06-2023,60,50,Standard
6,1068,17-03-2023,20,10,Basic
12,1069,12-04-2023,30,20,Basic
5,1070,10-03-2023,20,10,Basic
8,1071,08-02-2023,70,60,Premium
7,1072,02-07-2023,40,30,Standard
23,1073,04-01-2023,90,80,Premium
13,1074,25-03-2023,40,30,Standard
11,1075,07-06-2023,30,20,Basic
13,1076,30-03-2023,90,80,Premium
22,1077,20-06-2023,50,40,Standard
21,1078,19-02-2023,90,80,Premium
13,1079,22-06-2023,30,20,Basic
24,1080,16-01-2023,50,40,Standard
14,1081,25-05-2023,70,60,Premium
8,1082,30-06-2023,30,20,Basic
25,1083,29-04-2023,90,80,Premium
1,1084,07-01-2023,40,30,Standard
5,1085,26-02-2023,30,20,Basic
1,1086,12-03-2023,20,10,Basic
24,1087,12-04-2023,90,80,Premium
18,1088,11-07-2023,50,40,Standard
7,1089,17-02-2023,30,20,Basic
4,1090,09-02-2023,60,50,Standard
3,1091,27-04-2023,20,10,Basic
14,1092,22-03-2023,80,70,Premium
22,1093,23-05-2023,90,80,Premium
23,1094,04-02-2023,40,30,Standard
11,1095,09-07-2023,80,70,Premium
6,1096,09-01-2023,30,20,Basic
2,1097,23-01-2023,70,60,Premium
15,1098,07-06-2023,100,90,Premium
20,1099,05-06-2023,30,20,Basic
3,1100,24-06-2023,30,20,Basic
11,1101,26-04-2023,100,90,Premium
15,1102,27-06-2023,40,30,Standard
17,1103,04-04-2023,60,50,Standard
10,1104,08-02-2023,70,60,Premium
9,1105,26-03-2023,60,50,Standard
19,1106,09-03-2023,50,40,Standard
10,1107,28-07-2023,30,20,Basic
19,1108,26-04-2023,90,80,Premium
11,1109,02-06-2023,50,40,Standard
1,1110,07-02-2023,100,90,Premium
22,1111,30-05-2023,80,70,Premium
23,1112,10-02-2023,40,30,Standard
7,1113,08-05-2023,90,80,Premium
1,1114,10-07-2023,100,90,Premium
1,1115,23-07-2023,100,90,Premium
3,1116,04-04-2023,70,60,Premium
25,1117,19-04-2023,90,80,Premium
21,1118,06-01-2023,80,70,Premium
9,1119,06-06-2023,60,50,Standard
13,1120,01-01-2023,30,20,Basic
2,1121,28-01-2023,100,90,Premium
8,1122,21-03-2023,40,30,Standard
20,1123,23-01-2023,80,70,Premium
1,1124,30-04-2023,40,30,Standard
25,1125,01-06-2023,30,20,Basic
12,1126,25-05-2023,80,70,Premium
23,1127,29-03-2023,30,20,Basic
15,1128,28-03-2023,100,90,Premium
11,1129,17-03-2023,90,80,Premium
20,1130,17-01-2023,30,20,Basic
22,1131,01-01-2023,90,80,Premium
4,1132,01-06-2023,100,90,Premium
3,1133,07-07-2023,100,90,Premium
25,1134,23-05-2023,20,10,Basic
25,1135,27-05-2023,80,70,Premium
13,1136,06-06-2023,40,30,Standard
9,1137,23-01-2023,80,70,Premium
2,1138,28-07-2023,40,30,Standard
17,1139,22-02-2023,20,10,Basic
6,1140,08-04-2023,70,60,Premium
21,1141,01-07-2023,30,20,Basic
21,1142,02-03-2023,30,20,Basic
14,1143,16-01-2023,30,20,Basic
14,1144,03-07-2023,60,50,Standard
14,1145,17-03-2023,80,70,Premium
7,1146,31-05-2023,20,10,Basic
1,1147,11-02-2023,50,40,Standard
11,1148,19-04-2023,80,70,Premium
19,1149,19-07-2023,50,40,Standard
17,1150,30-07-2023,50,40,Standard
15,1151,26-05-2023,70,60,Premium
23,1152,16-04-2023,90,80,Premium
7,1153,07-06-2023,20,10,Basic
17,1154,24-05-2023,80,70,Premium
22,1155,11-03-2023,20,10,Basic
5,1156,26-03-2023,20,10,Basic
4,1157,08-05-2023,100,90,Premium
23,1158,05-03-2023,80,70,Premium
21,1159,11-07-2023,50,40,Standard
3,1160,31-07-2023,50,40,Standard
1,1161,21-06-2023,100,90,Premium
16,1162,25-03-2023,90,80,Premium
22,1163,12-02-2023,90,80,Premium
4,1164,16-01-2023,20,10,Basic
7,1165,18-07-2023,100,90,Premium
1,1166,30-07-2023,80,70,Premium
12,1167,11-07-2023,100,90,Premium
13,1168,06-01-2023,100,90,Premium
5,1169,06-03-2023,40,30,Standard
4,1170,31-05-2023,20,10,Basic
25,1171,26-06-2023,100,90,Premium
16,1172,01-02-2023,90,80,Premium
9,1173,15-02-2023,90,80,Premium
17,1174,12-06-2023,40,30,Standard
11,1175,12-01-2023,60,50,Standard
5,1176,07-04-2023,30,20,Basic
12,1177,04-01-2023,60,50,Standard
11,1178,03-07-2023,20,10,Basic
7,1179,30-01-2023,20,10,Basic
8,1180,06-03-2023,70,60,Premium
18,1181,10-05-2023,50,40,Standard
14,1182,05-01-2023,90,80,Premium
6,1183,19-02-2023,50,40,Standard
23,1184,05-06-2023,60,50,Standard
23,1185,26-06-2023,20,10,Basic
16,1186,20-05-2023,70,60,Premium
17,1187,13-07-2023,100,90,Premium
21,1188,03-02-2023,40,30,Standard
18,1189,30-06-2023,60,50,Standard
17,1190,07-04-2023,70,60,Premium
3,1191,10-07-2023,70,60,Premium
19,1192,04-03-2023,80,70,Premium
22,1193,27-05-2023,30,20,Basic
7,1194,05-02-2023,30,20,Basic
7,1195,11-05-2023,70,60,Premium
5,1196,16-02-2023,90,80,Premium
15,1197,20-02-2023,80,70,Premium
10,1198,29-04-2023,30,20,Basic
22,1199,23-06-2023,30,20,Basic
23,1200,06-04-2023,20,10,Basic
22,1201,23-05-2023,40,30,Standard
9,1202,23-02-2023,30,20,Basic
18,1203,07-02-2023,70,60,Premium
10,1204,12-01-2023,20,10,Basic
17,1205,12-01-2023,60,50,Standard
13,1206,13-03-2023,80,70,Premium
21,1207,01-02-2023,40,30,Standard
24,1208,22-03-2023,100,90,Premium
20,1209,28-03-2023,20,10,Basic
20,1210,18-03-2023,50,40,Standard
10,1211,02-06-2023,90,80,Premium
13,1212,08-03-2023,70,60,Premium
3,1213,19-01-2023,60,50,Standard
23,1214,25-05-2023,90,80,Premium
10,1215,19-01-2023,90,80,Premium
17,1216,08-02-2023,50,40,Standard
16,1217,27-06-2023,60,50,Standard
2,1218,15-03-2023,100,90,Premium
20,1219,18-05-2023,40,30,Standard
9,1220,28-03-2023,60,50,Standard
18,1221,22-01-2023,40,30,Standard
10,1222,27-06-2023,20,10,Basic
11,1223,24-01-2023,20,10,Basic
21,1224,07-01-2023,70,60,Premium
1,1225,24-04-2023,90,80,Premium
6,1226,28-01-2023,90,80,Premium
6,1227,01-02-2023,40,30,Standard
17,1228,20-07-2023,80,70,Premium
2,1229,01-04-2023,20,10,Basic
23,1230,09-05-2023,90,80,Premium
12,1231,03-03-2023,50,40,Standard
21,1232,10-02-2023,60,50,Standard
16,1233,20-07-2023,100,90,Premium
1,1234,03-06-2023,100,90,Premium
20,1235,22-03-2023,30,20,Basic
17,1236,28-04-2023,50,40,Standard
4,1237,25-03-2023,40,30,Standard
10,1238,15-06-2023,30,20,Basic
4,1239,20-05-2023,50,40,Standard
4,1240,03-02-2023,20,10,Basic
12,1241,01-03-2023,70,60,Premium
25,1242,16-06-2023,80,70,Premium
12,1243,11-01-2023,30,20,Basic
20,1244,15-03-2023,50,40,Standard
9,1245,05-04-2023,20,10,Basic
7,1246,16-07-2023,50,40,Standard
13,1247,02-01-2023,60,50,Standard
6,1248,26-05-2023,20,10,Basic
11,1249,27-05-2023,20,10,Basic
14,1250,06-04-2023,40,30,Standard
13,1251,03-05-2023,60,50,Standard
19,1252,13-02-2023,90,80,Premium
19,1253,15-03-2023,30,20,Basic
7,1254,08-01-2023,40,30,Standard
2,1255,15-06-2023,40,30,Standard
22,1256,18-02-2023,90,80,Premium
21,1257,26-01-2023,100,90,Premium
22,1258,29-03-2023,50,40,Standard
19,1259,20-04-2023,40,30,Standard
12,1260,28-01-2023,50,40,Standard
9,1261,01-05-2023,60,50,Standard
18,1262,02-06-2023,80,70,Premium
25,1263,05-01-2023,90,80,Premium
7,1264,08-01-2023,70,60,Premium
20,1265,14-03-2023,50,40,Standard
10,1266,26-07-2023,100,90,Premium
12,1267,22-04-2023,20,10,Basic
11,1268,16-01-2023,70,60,Premium
16,1269,13-02-2023,80,70,Premium
15,1270,13-04-2023,70,60,Premium
5,1271,16-06-2023,100,90,Premium
9,1272,26-05-2023,20,10,Basic
2,1273,12-06-2023,30,20,Basic
23,1274,03-02-2023,70,60,Premium
7,1275,10-07-2023,80,70,Premium
24,1276,05-01-2023,60,50,Standard
9,1277,25-01-2023,20,10,Basic
16,1278,24-03-2023,30,20,Basic
21,1279,28-06-2023,100,90,Premium
11,1280,16-02-2023,20,10,Basic
19,1281,04-06-2023,80,70,Premium
3,1282,02-02-2023,100,90,Premium
22,1283,31-05-2023,40,30,Standard
18,1284,15-07-2023,100,90,Premium
11,1285,15-01-2023,90,80,Premium
11,1286,17-05-2023,30,20,Basic
9,1287,20-04-2023,20,10,Basic
13,1288,20-01-2023,40,30,Standard
11,1289,21-02-2023,80,70,Premium
11,1290,21-02-2023,30,20,Basic
25,1291,13-01-2023,60,50,Standard
10,1292,16-07-2023,100,90,Premium
4,1293,25-01-2023,20,10,Basic
1,1294,30-01-2023,30,20,Basic
9,1295,23-05-2023,80,70,Premium
23,1296,24-02-2023,70,60,Premium
20,1297,07-07-2023,60,50,Standard
17,1298,06-04-2023,30,20,Basic
18,1299,27-04-2023,90,80,Premium
8,1300,11-02-2023,20,10,Basic
2,1301,15-06-2023,30,20,Basic
25,1302,10-07-2023,60,50,Standard
25,1303,05-07-2023,90,80,Premium
24,1304,07-03-2023,50,40,Standard
11,1305,10-04-2023,50,40,Standard
13,1306,13-06-2023,80,70,Premium
8,1307,28-05-2023,70,60,Premium
2,1308,14-07-2023,90,80,Premium
7,1309,24-06-2023,30,20,Basic
19,1310,25-04-2023,100,90,Premium
16,1311,01-05-2023,30,20,Basic
18,1312,02-01-2023,30,20,Basic
12,1313,06-06-2023,80,70,Premium
22,1314,22-02-2023,40,30,Standard
20,1315,22-05-2023,50,40,Standard
16,1316,09-02-2023,40,30,Standard
3,1317,19-06-2023,70,60,Premium
16,1318,12-05-2023,70,60,Premium
20,1319,12-07-2023,80,70,Premium
4,1320,23-06-2023,100,90,Premium
14,1321,18-04-2023,20,10,Basic
3,1322,28-01-2023,90,80,Premium
5,1323,23-05-2023,20,10,Basic
12,1324,11-05-2023,60,50,Standard
2,1325,03-05-2023,50,40,Standard
6,1326,22-02-2023,90,80,Premium
2,1327,07-07-2023,50,40,Standard
5,1328,16-07-2023,60,50,Standard
6,1329,14-06-2023,20,10,Basic
13,1330,24-07-2023,100,90,Premium
22,1331,23-07-2023,50,40,Standard
3,1332,22-01-2023,90,80,Premium
4,1333,27-04-2023,60,50,Standard
9,1334,09-05-2023,90,80,Premium
24,1335,28-03-2023,30,20,Basic
1,1336,21-06-2023,60,50,Standard
9,1337,03-04-2023,90,80,Premium
15,1338,12-06-2023,50,40,Standard
16,1339,13-04-2023,40,30,Standard
3,1340,02-06-2023,20,10,Basic
10,1341,18-01-2023,20,10,Basic
2,1342,07-05-2023,100,90,Premium
16,1343,29-04-2023,70,60,Premium
12,1344,25-07-2023,60,50,Standard
13,1345,14-05-2023,80,70,Premium
7,1346,06-03-2023,90,80,Premium
9,1347,02-06-2023,60,50,Standard
9,1348,08-06-2023,80,70,Premium
16,1349,03-07-2023,100,90,Premium
1,1350,28-07-2023,80,70,Premium
1,1351,24-06-2023,60,50,Standard
8,1352,14-05-2023,100,90,Premium
21,1353,08-04-2023,50,40,Standard
15,1354,31-05-2023,90,80,Premium
25,1355,30-01-2023,40,30,Standard
3,1356,09-01-2023,40,30,Standard
19,1357,19-04-2023,20,10,Basic
9,1358,10-02-2023,50,40,Standard
3,1359,20-03-2023,90,80,Premium
5,1360,14-04-2023,80,70,Premium
9,1361,18-05-2023,40,30,Standard
24,1362,28-05-2023,20,10,Basic
11,1363,14-05-2023,90,80,Premium
18,1364,29-03-2023,60,50,Standard
8,1365,05-02-2023,90,80,Premium
8,1366,14-01-2023,60,50,Standard
22,1367,01-07-2023,20,10,Basic
7,1368,13-01-2023,20,10,Basic
9,1369,31-03-2023,90,80,Premium
22,1370,11-04-2023,90,80,Premium
7,1371,23-01-2023,100,90,Premium
2,1372,31-03-2023,20,10,Basic
4,1373,22-06-2023,50,40,Standard
5,1374,28-07-2023,90,80,Premium
2,1375,04-03-2023,90,80,Premium
25,1376,09-04-2023,100,90,Premium
25,1377,16-03-2023,80,70,Premium
10,1378,26-07-2023,100,90,Premium
4,1379,22-01-2023,60,50,Standard
20,1380,08-03-2023,80,70,Premium
1,1381,09-06-2023,70,60,Premium
22,1382,13-04-2023,100,90,Premium
9,1383,11-06-2023,80,70,Premium
5,1384,26-05-2023,100,90,Premium
4,1385,17-03-2023,80,70,Premium
21,1386,28-06-2023,60,50,Standard
3,1387,03-07-2023,100,90,Premium
25,1388,18-07-2023,90,80,Premium
18,1389,09-04-2023,50,40,Standard
16,1390,15-02-2023,100,90,Premium
12,1391,15-05-2023,40,30,Standard
24,1392,15-02-2023,100,90,Premium
1,1393,26-06-2023,70,60,Premium
8,1394,31-07-2023,70,60,Premium
7,1395,12-07-2023,90,80,Premium
8,1396,06-06-2023,70,60,Premium
21,1397,06-06-2023,50,40,Standard
25,1398,15-03-2023,40,30,Standard
3,1399,08-02-2023,90,80,Premium
25,1400,12-06-2023,70,60,Premium
12,1401,25-03-2023,40,30,Standard
24,1402,27-01-2023,70,60,Premium
20,1403,05-03-2023,50,40,Standard
16,1404,12-01-2023,60,50,Standard
20,1405,01-06-2023,50,40,Standard
4,1406,27-06-2023,70,60,Premium
13,1407,23-05-2023,80,70,Premium
12,1408,09-04-2023,90,80,Premium
12,1409,24-01-2023,50,40,Standard
15,1410,15-01-2023,70,60,Premium
12,1411,24-06-2023,70,60,Premium
10,1412,10-07-2023,60,50,Standard
20,1413,03-01-2023,80,70,Premium
16,1414,01-06-2023,70,60,Premium
16,1415,12-01-2023,60,50,Standard
16,1416,07-04-2023,60,50,Standard
4,1417,29-05-2023,80,70,Premium
23,1418,08-03-2023,40,30,Standard
22,1419,03-03-2023,20,10,Basic
16,1420,05-07-2023,20,10,Basic
16,1421,24-07-2023,40,30,Standard
12,1422,26-07-2023,40,30,Standard
4,1423,02-06-2023,100,90,Premium
11,1424,12-06-2023,20,10,Basic
17,1425,18-07-2023,90,80,Premium
14,1426,27-02-2023,50,40,Standard
11,1427,28-01-2023,100,90,Premium
5,1428,03-06-2023,40,30,Standard
4,1429,18-01-2023,20,10,Basic
12,1430,12-01-2023,90,80,Premium
7,1431,18-06-2023,20,10,Basic
24,1432,04-04-2023,30,20,Basic
1,1433,21-06-2023,60,50,Standard
24,1434,01-08-2023,40,30,Standard
9,1435,14-03-2023,40,30,Standard
2,1436,07-04-2023,80,70,Premium
19,1437,18-05-2023,40,30,Standard
18,1438,09-01-2023,60,50,Standard
12,1439,22-06-2023,50,40,Standard
5,1440,30-01-2023,60,50,Standard
7,1441,03-07-2023,90,80,Premium
21,1442,31-05-2023,60,50,Standard
13,1443,25-02-2023,100,90,Premium
1,1444,17-06-2023,50,40,Standard
24,1445,17-05-2023,20,10,Basic
2,1446,19-02-2023,60,50,Standard
24,1447,29-07-2023,90,80,Premium
10,1448,01-07-2023,20,10,Basic
10,1449,10-02-2023,100,90,Premium
19,1450,28-01-2023,40,30,Standard
10,1451,11-07-2023,30,20,Basic
3,1452,24-03-2023,40,30,Standard
8,1453,10-03-2023,90,80,Premium
17,1454,08-06-2023,40,30,Standard
17,1455,28-01-2023,40,30,Standard
16,1456,24-01-2023,80,70,Premium
2,1457,01-01-2023,100,90,Premium
2,1458,10-04-2023,60,50,Standard
9,1459,06-03-2023,30,20,Basic
7,1460,25-01-2023,90,80,Premium
16,1461,28-06-2023,30,20,Basic
1,1462,01-08-2023,100,90,Premium
5,1463,12-04-2023,100,90,Premium
2,1464,07-06-2023,50,40,Standard
5,1465,28-05-2023,70,60,Premium
1,1466,18-06-2023,90,80,Premium
5,1467,09-02-2023,60,50,Standard
7,1468,23-07-2023,80,70,Premium
16,1469,25-04-2023,60,50,Standard
19,1470,19-05-2023,30,20,Basic
10,1471,22-07-2023,40,30,Standard
14,1472,06-07-2023,70,60,Premium
23,1473,06-06-2023,100,90,Premium
13,1474,03-04-2023,50,40,Standard
13,1475,30-05-2023,70,60,Premium
3,1476,21-04-2023,50,40,Standard
13,1477,01-01-2023,60,50,Standard
14,1478,10-04-2023,50,40,Standard
20,1479,24-01-2023,70,60,Premium
20,1480,05-02-2023,90,80,Premium
4,1481,28-04-2023,80,70,Premium
18,1482,03-04-2023,100,90,Premium
21,1483,09-04-2023,100,90,Premium
15,1484,29-03-2023,20,10,Basic
24,1485,13-05-2023,100,90,Premium
24,1486,24-02-2023,40,30,Standard
14,1487,14-05-2023,80,70,Premium
18,1488,07-02-2023,50,40,Standard
1,1489,29-01-2023,60,50,Standard
16,1490,04-03-2023,80,70,Premium
25,1491,01-02-2023,90,80,Premium
13,1492,07-01-2023,30,20,Basic
14,1493,28-05-2023,60,50,Standard
18,1494,03-05-2023,100,90,Premium
25,1495,07-06-2023,70,60,Premium
13,1496,03-02-2023,90,80,Premium
21,1497,12-01-2023,90,80,Premium
10,1498,22-05-2023,70,60,Premium
4,1499,17-06-2023,80,70,Premium
12,1500,22-01-2023,70,60,Premium
16,1501,09-02-2023,50,40,Standard
9,1502,19-02-2023,50,40,Standard
25,1503,06-03-2023,50,40,Standard
9,1504,17-06-2023,60,50,Standard
17,1505,07-01-2023,80,70,Premium
3,1506,06-04-2023,70,60,Premium
17,1507,16-07-2023,70,60,Premium
11,1508,02-05-2023,40,30,Standard
23,1509,10-02-2023,30,20,Basic
14,1510,07-06-2023,30,20,Basic
19,1511,28-07-2023,70,60,Premium
11,1512,09-03-2023,80,70,Premium
10,1513,05-02-2023,50,40,Standard
11,1514,20-01-2023,50,40,Standard
21,1515,03-01-2023,20,10,Basic
18,1516,17-01-2023,90,80,Premium
4,1517,29-04-2023,30,20,Basic
9,1518,05-07-2023,70,60,Premium
1,1519,19-01-2023,90,80,Premium
18,1520,21-04-2023,30,20,Basic
4,1521,25-03-2023,70,60,Premium
14,1522,01-08-2023,50,40,Standard
8,1523,24-07-2023,30,20,Basic
22,1524,19-05-2023,80,70,Premium
3,1525,20-04-2023,60,50,Standard
13,1526,16-03-2023,70,60,Premium
10,1527,19-06-2023,90,80,Premium
5,1528,21-03-2023,20,10,Basic
6,1529,22-03-2023,40,30,Standard
18,1530,08-07-2023,20,10,Basic
19,1531,08-02-2023,60,50,Standard
22,1532,04-01-2023,60,50,Standard
1,1533,14-03-2023,100,90,Premium
14,1534,04-06-2023,50,40,Standard
17,1535,14-03-2023,40,30,Standard
25,1536,26-05-2023,50,40,Standard
3,1537,31-03-2023,40,30,Standard
24,1538,02-05-2023,40,30,Standard
19,1539,06-01-2023,20,10,Basic
13,1540,13-02-2023,70,60,Premium
18,1541,13-02-2023,80,70,Premium
7,1542,23-01-2023,80,70,Premium
4,1543,10-02-2023,20,10,Basic
11,1544,16-04-2023,70,60,Premium
20,1545,02-04-2023,70,60,Premium
19,1546,03-03-2023,100,90,Premium
25,1547,16-03-2023,90,80,Premium
2,1548,20-01-2023,90,80,Premium
6,1549,26-01-2023,100,90,Premium
4,1550,07-03-2023,90,80,Premium
16,1551,29-05-2023,80,70,Premium
18,1552,04-02-2023,50,40,Standard
13,1553,25-07-2023,100,90,Premium
5,1554,21-05-2023,40,30,Standard
18,1555,09-05-2023,100,90,Premium
17,1556,08-02-2023,70,60,Premium
23,1557,04-04-2023,60,50,Standard
11,1558,04-04-2023,30,20,Basic
2,1559,19-07-2023,60,50,Standard
22,1560,25-03-2023,80,70,Premium
2,1561,23-04-2023,20,10,Basic
14,1562,01-01-2023,100,90,Premium
4,1563,18-07-2023,20,10,Basic
23,1564,16-03-2023,80,70,Premium
10,1565,04-02-2023,90,80,Premium
22,1566,19-02-2023,40,30,Standard
22,1567,13-05-2023,100,90,Premium
9,1568,13-01-2023,40,30,Standard
4,1569,20-07-2023,30,20,Basic
19,1570,23-02-2023,60,50,Standard
12,1571,23-07-2023,90,80,Premium
14,1572,27-02-2023,30,20,Basic
24,1573,13-04-2023,90,80,Premium
11,1574,08-06-2023,50,40,Standard
1,1575,13-01-2023,80,70,Premium
8,1576,12-06-2023,70,60,Premium
18,1577,29-03-2023,60,50,Standard
15,1578,31-05-2023,60,50,Standard
2,1579,20-07-2023,90,80,Premium
8,1580,13-03-2023,30,20,Basic
3,1581,02-07-2023,30,20,Basic
18,1582,07-04-2023,60,50,Standard
24,1583,17-07-2023,90,80,Premium
9,1584,02-02-2023,60,50,Standard
2,1585,12-04-2023,80,70,Premium
7,1586,30-05-2023,100,90,Premium
7,1587,24-05-2023,80,70,Premium
13,1588,26-04-2023,50,40,Standard
3,1589,23-05-2023,70,60,Premium
16,1590,23-07-2023,30,20,Basic
17,1591,27-05-2023,80,70,Premium
4,1592,14-02-2023,50,40,Standard
3,1593,22-01-2023,70,60,Premium
22,1594,01-08-2023,100,90,Premium
4,1595,30-04-2023,40,30,Standard
25,1596,25-01-2023,30,20,Basic
6,1597,22-01-2023,90,80,Premium
22,1598,15-06-2023,60,50,Standard
20,1599,28-04-2023,40,30,Standard
2,1600,10-01-2023,100,90,Premium
5,1601,01-01-2023,40,30,Standard
21,1602,30-01-2023,40,30,Standard
16,1603,14-07-2023,50,40,Standard
9,1604,13-01-2023,70,60,Premium
11,1605,29-06-2023,70,60,Premium
15,1606,21-06-2023,90,80,Premium
2,1607,09-04-2023,30,20,Basic
7,1608,25-02-2023,90,80,Premium
14,1609,01-08-2023,60,50,Standard
25,1610,08-02-2023,90,80,Premium
12,1611,19-02-2023,40,30,Standard
25,1612,18-01-2023,30,20,Basic
3,1613,12-06-2023,80,70,Premium
7,1614,24-02-2023,20,10,Basic
12,1615,04-03-2023,80,70,Premium
4,1616,26-01-2023,30,20,Basic
21,1617,29-07-2023,40,30,Standard
17,1618,05-02-2023,80,70,Premium
2,1619,08-05-2023,90,80,Premium
3,1620,29-03-2023,40,30,Standard
21,1621,15-07-2023,20,10,Basic
12,1622,26-05-2023,70,60,Premium
25,1623,14-03-2023,40,30,Standard
15,1624,25-03-2023,50,40,Standard
5,1625,01-01-2023,20,10,Basic
3,1626,03-06-2023,80,70,Premium
8,1627,26-06-2023,90,80,Premium
12,1628,20-06-2023,30,20,Basic
9,1629,09-03-2023,100,90,Premium
9,1630,07-03-2023,90,80,Premium
22,1631,09-04-2023,60,50,Standard
3,1632,25-02-2023,40,30,Standard
6,1633,08-06-2023,90,80,Premium
10,1634,21-06-2023,80,70,Premium
14,1635,01-01-2023,30,20,Basic
19,1636,20-04-2023,30,20,Basic
4,1637,15-07-2023,100,90,Premium
2,1638,18-03-2023,100,90,Premium
23,1639,27-02-2023,100,90,Premium
9,1640,04-06-2023,90,80,Premium
1,1641,05-05-2023,30,20,Basic
25,1642,12-06-2023,70,60,Premium
15,1643,09-04-2023,30,20,Basic
4,1644,22-01-2023,20,10,Basic
13,1645,18-01-2023,80,70,Premium
2,1646,27-01-2023,30,20,Basic
22,1647,27-01-2023,50,40,Standard
25,1648,25-03-2023,30,20,Basic
5,1649,16-05-2023,50,40,Standard
10,1650,26-04-2023,40,30,Standard
6,1651,12-03-2023,50,40,Standard
3,1652,15-02-2023,90,80,Premium
23,1653,30-07-2023,90,80,Premium
20,1654,08-02-2023,100,90,Premium
3,1655,01-06-2023,50,40,Standard
19,1656,06-04-2023,70,60,Premium
7,1657,16-05-2023,50,40,Standard
25,1658,13-07-2023,20,10,Basic
3,1659,21-07-2023,40,30,Standard
18,1660,08-02-2023,100,90,Premium
21,1661,02-06-2023,60,50,Standard
6,1662,31-07-2023,30,20,Basic
16,1663,12-07-2023,50,40,Standard
5,1664,08-04-2023,100,90,Premium
9,1665,15-05-2023,100,90,Premium
23,1666,30-06-2023,30,20,Basic
9,1667,26-06-2023,80,70,Premium
11,1668,13-04-2023,40,30,Standard
3,1669,03-02-2023,90,80,Premium
14,1670,14-04-2023,20,10,Basic
7,1671,13-03-2023,50,40,Standard
5,1672,03-04-2023,40,30,Standard
20,1673,13-07-2023,100,90,Premium
22,1674,23-03-2023,80,70,Premium
9,1675,04-03-2023,60,50,Standard
5,1676,16-07-2023,90,80,Premium
4,1677,08-06-2023,60,50,Standard
4,1678,25-03-2023,60,50,Standard
5,1679,13-02-2023,30,20,Basic
17,1680,16-07-2023,40,30,Standard
2,1681,11-03-2023,90,80,Premium
24,1682,21-06-2023,60,50,Standard
11,1683,28-01-2023,50,40,Standard
20,1684,10-05-2023,80,70,Premium
17,1685,23-06-2023,60,50,Standard
19,1686,26-02-2023,70,60,Premium
11,1687,01-01-2023,50,40,Standard
9,1688,17-01-2023,30,20,Basic
21,1689,04-07-2023,80,70,Premium
11,1690,11-04-2023,60,50,Standard
22,1691,03-07-2023,100,90,Premium
10,1692,27-04-2023,30,20,Basic
2,1693,09-02-2023,70,60,Premium
17,1694,04-05-2023,40,30,Standard
24,1695,01-08-2023,80,70,Premium
12,1696,29-01-2023,70,60,Premium
20,1697,24-05-2023,20,10,Basic
22,1698,15-03-2023,70,60,Premium
24,1699,09-01-2023,50,40,Standard
16,1700,26-07-2023,70,60,Premium
3,1701,14-03-2023,60,50,Standard
17,1702,25-02-2023,20,10,Basic
7,1703,07-01-2023,30,20,Basic
7,1704,04-02-2023,60,50,Standard
3,1705,07-01-2023,50,40,Standard
4,1706,13-03-2023,40,30,Standard
25,1707,27-02-2023,60,50,Standard
17,1708,10-03-2023,90,80,Premium
21,1709,10-05-2023,80,70,Premium
25,1710,19-04-2023,40,30,Standard
14,1711,07-04-2023,30,20,Basic
8,1712,13-07-2023,20,10,Basic
16,1713,01-03-2023,40,30,Standard
7,1714,10-07-2023,100,90,Premium
21,1715,11-05-2023,80,70,Premium
3,1716,28-02-2023,50,40,Standard
9,1717,08-01-2023,60,50,Standard
20,1718,16-07-2023,40,30,Standard
24,1719,30-03-2023,50,40,Standard
5,1720,17-06-2023,100,90,Premium
22,1721,31-01-2023,50,40,Standard
6,1722,11-03-2023,50,40,Standard
22,1723,02-05-2023,100,90,Premium
7,1724,10-06-2023,50,40,Standard
5,1725,15-05-2023,70,60,Premium
4,1726,18-03-2023,100,90,Premium
1,1727,20-02-2023,90,80,Premium
13,1728,08-04-2023,60,50,Standard
2,1729,26-04-2023,100,90,Premium
18,1730,28-05-2023,60,50,Standard
5,1731,26-02-2023,100,90,Premium
13,1732,23-04-2023,90,80,Premium
14,1733,22-02-2023,40,30,Standard
13,1734,20-06-2023,90,80,Premium
23,1735,19-07-2023,40,30,Standard
14,1736,15-02-2023,70,60,Premium
11,1737,06-03-2023,40,30,Standard
6,1738,13-01-2023,70,60,Premium
19,1739,07-07-2023,80,70,Premium
5,1740,11-02-2023,30,20,Basic
13,1741,04-01-2023,40,30,Standard
18,1742,12-02-2023,90,80,Premium
2,1743,15-01-2023,100,90,Premium
18,1744,04-05-2023,30,20,Basic
24,1745,05-07-2023,60,50,Standard
25,1746,21-03-2023,100,90,Premium
14,1747,06-04-2023,30,20,Basic
7,1748,19-07-2023,30,20,Basic
24,1749,22-04-2023,40,30,Standard
2,1750,14-03-2023,80,70,Premium
22,1751,23-02-2023,100,90,Premium
20,1752,15-03-2023,70,60,Premium
6,1753,09-02-2023,30,20,Basic
1,1754,07-04-2023,60,50,Standard
8,1755,17-05-2023,70,60,Premium
6,1756,31-07-2023,80,70,Premium
7,1757,18-05-2023,90,80,Premium
22,1758,10-05-2023,50,40,Standard
24,1759,18-03-2023,90,80,Premium
8,1760,19-05-2023,90,80,Premium
9,1761,23-06-2023,80,70,Premium
19,1762,27-03-2023,30,20,Basic
18,1763,14-05-2023,20,10,Basic
7,1764,05-05-2023,60,50,Standard
19,1765,23-03-2023,100,90,Premium
21,1766,08-01-2023,100,90,Premium
15,1767,24-01-2023,40,30,Standard
24,1768,03-01-2023,30,20,Basic
14,1769,08-03-2023,40,30,Standard
2,1770,09-07-2023,90,80,Premium
16,1771,08-07-2023,40,30,Standard
4,1772,12-01-2023,90,80,Premium
9,1773,29-03-2023,40,30,Standard
4,1774,11-02-2023,100,90,Premium
25,1775,06-02-2023,100,90,Premium
2,1776,26-07-2023,20,10,Basic
7,1777,31-03-2023,100,90,Premium
17,1778,18-07-2023,70,60,Premium
19,1779,30-06-2023,80,70,Premium
6,1780,25-03-2023,20,10,Basic
8,1781,04-01-2023,60,50,Standard
4,1782,08-05-2023,40,30,Standard
4,1783,06-04-2023,50,40,Standard
25,1784,24-01-2023,30,20,Basic
11,1785,31-01-2023,50,40,Standard
14,1786,30-01-2023,20,10,Basic
5,1787,18-05-2023,70,60,Premium
13,1788,09-02-2023,20,10,Basic
5,1789,11-02-2023,80,70,Premium
14,1790,07-01-2023,90,80,Premium
6,1791,10-01-2023,60,50,Standard
23,1792,06-03-2023,100,90,Premium
5,1793,01-04-2023,50,40,Standard
4,1794,14-05-2023,90,80,Premium
9,1795,16-01-2023,20,10,Basic
13,1796,01-02-2023,60,50,Standard
3,1797,20-01-2023,90,80,Premium
7,1798,10-07-2023,60,50,Standard
7,1799,22-04-2023,70,60,Premium
3,1800,04-05-2023,50,40,Standard
3,1801,25-02-2023,30,20,Basic
18,1802,02-06-2023,60,50,Standard
3,1803,18-05-2023,30,20,Basic
2,1804,12-05-2023,100,90,Premium
12,1805,22-02-2023,20,10,Basic
12,1806,31-05-2023,70,60,Premium
20,1807,07-04-2023,60,50,Standard
13,1808,23-02-2023,40,30,Standard
18,1809,21-01-2023,50,40,Standard
13,1810,11-05-2023,90,80,Premium
19,1811,16-03-2023,80,70,Premium
11,1812,30-04-2023,30,20,Basic
23,1813,16-03-2023,100,90,Premium
11,1814,01-06-2023,70,60,Premium
21,1815,30-07-2023,60,50,Standard
5,1816,07-06-2023,40,30,Standard
4,1817,16-04-2023,20,10,Basic
18,1818,21-04-2023,90,80,Premium
11,1819,25-07-2023,90,80,Premium
21,1820,18-05-2023,20,10,Basic
14,1821,31-03-2023,20,10,Basic
8,1822,16-03-2023,30,20,Basic
13,1823,04-02-2023,60,50,Standard
23,1824,11-04-2023,20,10,Basic
6,1825,01-03-2023,80,70,Premium
21,1826,19-01-2023,90,80,Premium
7,1827,10-03-2023,50,40,Standard
21,1828,24-05-2023,60,50,Standard
1,1829,12-03-2023,50,40,Standard
12,1830,01-02-2023,100,90,Premium
24,1831,23-03-2023,50,40,Standard
8,1832,29-07-2023,60,50,Standard
20,1833,03-06-2023,100,90,Premium
6,1834,24-01-2023,60,50,Standard
17,1835,16-03-2023,90,80,Premium
21,1836,06-03-2023,20,10,Basic
1,1837,27-07-2023,40,30,Standard
22,1838,14-07-2023,20,10,Basic
11,1839,08-04-2023,20,10,Basic
15,1840,28-05-2023,70,60,Premium
22,1841,17-01-2023,60,50,Standard
13,1842,16-05-2023,90,80,Premium
9,1843,20-06-2023,40,30,Standard
24,1844,29-05-2023,80,70,Premium
3,1845,17-05-2023,60,50,Standard
21,1846,28-07-2023,30,20,Basic
25,1847,12-03-2023,40,30,Standard
15,1848,23-05-2023,20,10,Basic
17,1849,03-06-2023,20,10,Basic
20,1850,15-06-2023,40,30,Standard
18,1851,21-05-2023,60,50,Standard
13,1852,28-05-2023,90,80,Premium
8,1853,03-04-2023,40,30,Standard
3,1854,03-04-2023,40,30,Standard
22,1855,10-03-2023,40,30,Standard
24,1856,18-03-2023,90,80,Premium
18,1857,12-06-2023,40,30,Standard
17,1858,01-04-2023,20,10,Basic
11,1859,26-01-2023,80,70,Premium
8,1860,29-03-2023,30,20,Basic
19,1861,21-01-2023,30,20,Basic
6,1862,13-05-2023,40,30,Standard
10,1863,23-01-2023,40,30,Standard
5,1864,17-07-2023,20,10,Basic
17,1865,20-02-2023,100,90,Premium
9,1866,07-04-2023,70,60,Premium
24,1867,05-06-2023,40,30,Standard
11,1868,23-03-2023,50,40,Standard
2,1869,30-07-2023,100,90,Premium
20,1870,14-04-2023,100,90,Premium
9,1871,10-07-2023,100,90,Premium
24,1872,15-07-2023,100,90,Premium
20,1873,11-05-2023,40,30,Standard
24,1874,31-01-2023,90,80,Premium
20,1875,04-05-2023,90,80,Premium
14,1876,03-04-2023,70,60,Premium
7,1877,25-04-2023,20,10,Basic
17,1878,10-06-2023,60,50,Standard
22,1879,28-05-2023,30,20,Basic
23,1880,27-06-2023,60,50,Standard
17,1881,18-02-2023,80,70,Premium
23,1882,19-05-2023,50,40,Standard
23,1883,24-01-2023,20,10,Basic
15,1884,05-06-2023,40,30,Standard
16,1885,20-07-2023,80,70,Premium
22,1886,07-06-2023,30,20,Basic
5,1887,02-06-2023,60,50,Standard
6,1888,05-01-2023,50,40,Standard
12,1889,14-03-2023,90,80,Premium
23,1890,27-02-2023,20,10,Basic
15,1891,12-06-2023,50,40,Standard
14,1892,22-01-2023,90,80,Premium
11,1893,15-01-2023,80,70,Premium
2,1894,06-03-2023,50,40,Standard
12,1895,22-04-2023,60,50,Standard
2,1896,16-05-2023,90,80,Premium
5,1897,06-05-2023,70,60,Premium
4,1898,03-06-2023,20,10,Basic
1,1899,27-05-2023,90,80,Premium
6,1900,19-03-2023,100,90,Premium
23,1901,28-01-2023,70,60,Premium
13,1902,31-05-2023,30,20,Basic
19,1903,26-04-2023,70,60,Premium
13,1904,18-05-2023,70,60,Premium
5,1905,13-06-2023,100,90,Premium
17,1906,31-07-2023,50,40,Standard
6,1907,13-05-2023,40,30,Standard
19,1908,23-05-2023,40,30,Standard
12,1909,06-06-2023,40,30,Standard
14,1910,21-04-2023,60,50,Standard
4,1911,05-01-2023,30,20,Basic
6,1912,28-07-2023,20,10,Basic
6,1913,01-01-2023,20,10,Basic
16,1914,06-07-2023,90,80,Premium
20,1915,19-06-2023,50,40,Standard
22,1916,16-06-2023,90,80,Premium
3,1917,06-02-2023,50,40,Standard
13,1918,15-03-2023,40,30,Standard
16,1919,24-06-2023,70,60,Premium
3,1920,13-07-2023,60,50,Standard
21,1921,21-05-2023,70,60,Premium
10,1922,17-04-2023,40,30,Standard
25,1923,28-03-2023,40,30,Standard
25,1924,23-07-2023,100,90,Premium
20,1925,29-04-2023,50,40,Standard
10,1926,31-07-2023,20,10,Basic
2,1927,30-01-2023,40,30,Standard
9,1928,13-04-2023,70,60,Premium
3,1929,30-06-2023,50,40,Standard
18,1930,09-07-2023,50,40,Standard
17,1931,24-06-2023,100,90,Premium
3,1932,30-04-2023,20,10,Basic
13,1933,04-03-2023,100,90,Premium
11,1934,09-01-2023,30,20,Basic
13,1935,27-05-2023,20,10,Basic
10,1936,28-06-2023,60,50,Standard
7,1937,26-07-2023,50,40,Standard
24,1938,26-04-2023,40,30,Standard
12,1939,04-06-2023,40,30,Standard
13,1940,04-03-2023,80,70,Premium
22,1941,29-04-2023,90,80,Premium
17,1942,13-04-2023,70,60,Premium
6,1943,06-04-2023,60,50,Standard
13,1944,30-07-2023,70,60,Premium
25,1945,05-02-2023,70,60,Premium
10,1946,11-05-2023,60,50,Standard
24,1947,13-02-2023,30,20,Basic
14,1948,16-02-2023,50,40,Standard
25,1949,21-02-2023,20,10,Basic
19,1950,25-05-2023,30,20,Basic
5,1951,04-05-2023,70,60,Premium
2,1952,23-01-2023,90,80,Premium
19,1953,24-03-2023,50,40,Standard
24,1954,14-07-2023,70,60,Premium
18,1955,26-06-2023,20,10,Basic
22,1956,08-06-2023,50,40,Standard
7,1957,03-05-2023,80,70,Premium
15,1958,31-05-2023,80,70,Premium
25,1959,02-07-2023,80,70,Premium
3,1960,13-03-2023,70,60,Premium
9,1961,22-01-2023,80,70,Premium
18,1962,12-04-2023,40,30,Standard
17,1963,29-01-2023,80,70,Premium
18,1964,17-04-2023,20,10,Basic
24,1965,29-03-2023,80,70,Premium
17,1966,10-05-2023,40,30,Standard
15,1967,30-05-2023,90,80,Premium
22,1968,21-01-2023,60,50,Standard
25,1969,26-04-2023,50,40,Standard
14,1970,20-01-2023,80,70,Premium
18,1971,25-04-2023,90,80,Premium
1,1972,11-06-2023,40,30,Standard
25,1973,22-04-2023,100,90,Premium
6,1974,08-04-2023,100,90,Premium
2,1975,16-04-2023,30,20,Basic
20,1976,30-07-2023,70,60,Premium
17,1977,27-03-2023,100,90,Premium
12,1978,01-03-2023,70,60,Premium
20,1979,30-01-2023,70,60,Premium
2,1980,19-05-2023,80,70,Premium
15,1981,04-03-2023,100,90,Premium
11,1982,16-03-2023,60,50,Standard
21,1983,26-02-2023,100,90,Premium
6,1984,13-01-2023,50,40,Standard
18,1985,01-05-2023,30,20,Basic
21,1986,03-07-2023,80,70,Premium
5,1987,21-03-2023,80,70,Premium
8,1988,27-05-2023,50,40,Standard
13,1989,05-03-2023,50,40,Standard
10,1990,05-03-2023,60,50,Standard
22,1991,01-02-2023,60,50,Standard
17,1992,08-02-2023,50,40,Standard
1,1993,10-07-2023,90,80,Premium
21,1994,19-04-2023,30,20,Basic
23,1995,01-06-2023,40,30,Standard
25,1996,04-05-2023,90,80,Premium
24,1997,02-01-2023,70,60,Premium
11,1998,01-02-2023,30,20,Basic
19,1999,05-05-2023,70,60,Premium
16,2000,30-07-2023,70,60,Premium
11,2001,16-04-2023,20,10,Basic
4,2002,20-06-2023,60,50,Standard
16,2003,08-07-2023,40,30,Standard
12,2004,14-07-2023,20,10,Basic
5,2005,10-01-2023,90,80,Premium
5,2006,11-06-2023,80,70,Premium
5,2007,12-06-2023,70,60,Premium
19,2008,21-07-2023,60,50,Standard
25,2009,11-06-2023,20,10,Basic
23,2010,04-03-2023,30,20,Basic
24,2011,19-06-2023,80,70,Premium
11,2012,18-02-2023,100,90,Premium
3,2013,10-03-2023,40,30,Standard
9,2014,27-07-2023,100,90,Premium
21,2015,06-07-2023,60,50,Standard
4,2016,19-03-2023,90,80,Premium
7,2017,17-06-2023,100,90,Premium
19,2018,22-03-2023,80,70,Premium
4,2019,10-07-2023,40,30,Standard
8,2020,01-01-2023,40,30,Standard
5,2021,25-02-2023,70,60,Premium
25,2022,01-02-2023,30,20,Basic
1,2023,28-07-2023,40,30,Standard
10,2024,28-06-2023,70,60,Premium
24,2025,20-03-2023,90,80,Premium
14,2026,04-04-2023,60,50,Standard
2,2027,04-03-2023,90,80,Premium
6,2028,11-01-2023,100,90,Premium
25,2029,12-03-2023,80,70,Premium
11,2030,23-05-2023,60,50,Standard
12,2031,29-07-2023,70,60,Premium
15,2032,15-01-2023,80,70,Premium
23,2033,12-06-2023,20,10,Basic
24,2034,18-01-2023,20,10,Basic
18,2035,19-03-2023,40,30,Standard
22,2036,14-04-2023,100,90,Premium
25,2037,16-01-2023,20,10,Basic
13,2038,13-01-2023,20,10,Basic
25,2039,09-07-2023,30,20,Basic
10,2040,27-07-2023,100,90,Premium
22,2041,15-02-2023,20,10,Basic
3,2042,31-03-2023,20,10,Basic
16,2043,20-01-2023,60,50,Standard
11,2044,18-01-2023,80,70,Premium
23,2045,05-06-2023,80,70,Premium
16,2046,02-06-2023,100,90,Premium
13,2047,05-07-2023,90,80,Premium
8,2048,21-06-2023,90,80,Premium
10,2049,24-01-2023,100,90,Premium
18,2050,19-07-2023,80,70,Premium
23,2051,03-02-2023,20,10,Basic
12,2052,24-01-2023,60,50,Standard
15,2053,01-08-2023,60,50,Standard
22,2054,08-04-2023,20,10,Basic
6,2055,09-01-2023,40,30,Standard
9,2056,24-06-2023,50,40,Standard
20,2057,16-07-2023,70,60,Premium
8,2058,03-05-2023,50,40,Standard
6,2059,07-04-2023,100,90,Premium
23,2060,07-06-2023,20,10,Basic
5,2061,30-01-2023,80,70,Premium
22,2062,29-06-2023,90,80,Premium
24,2063,10-03-2023,60,50,Standard
18,2064,10-03-2023,80,70,Premium
23,2065,15-01-2023,30,20,Basic
25,2066,24-07-2023,40,30,Standard
5,2067,31-05-2023,30,20,Basic
7,2068,07-07-2023,50,40,Standard
24,2069,14-01-2023,100,90,Premium
6,2070,20-07-2023,60,50,Standard
19,2071,24-03-2023,90,80,Premium
7,2072,28-06-2023,20,10,Basic
7,2073,16-04-2023,50,40,Standard
8,2074,16-04-2023,50,40,Standard
13,2075,20-04-2023,20,10,Basic
11,2076,19-06-2023,60,50,Standard
20,2077,08-03-2023,90,80,Premium
3,2078,20-07-2023,70,60,Premium
11,2079,04-05-2023,70,60,Premium
18,2080,04-05-2023,40,30,Standard
5,2081,23-02-2023,60,50,Standard
9,2082,14-04-2023,80,70,Premium
23,2083,12-05-2023,60,50,Standard
16,2084,10-07-2023,100,90,Premium
14,2085,22-02-2023,50,40,Standard
6,2086,13-03-2023,90,80,Premium
21,2087,13-07-2023,20,10,Basic
9,2088,14-05-2023,90,80,Premium
8,2089,30-03-2023,50,40,Standard
23,2090,30-05-2023,80,70,Premium
18,2091,19-06-2023,20,10,Basic
22,2092,08-01-2023,30,20,Basic
14,2093,18-03-2023,100,90,Premium
12,2094,05-02-2023,60,50,Standard
12,2095,27-03-2023,60,50,Standard
11,2096,08-06-2023,60,50,Standard
11,2097,30-04-2023,50,40,Standard
21,2098,04-02-2023,100,90,Premium
21,2099,09-03-2023,80,70,Premium
20,2100,15-04-2023,90,80,Premium
9,2101,20-03-2023,40,30,Standard
9,2102,18-01-2023,80,70,Premium
4,2103,21-03-2023,40,30,Standard
24,2104,02-03-2023,50,40,Standard
20,2105,05-03-2023,50,40,Standard
14,2106,03-04-2023,30,20,Basic
17,2107,25-05-2023,100,90,Premium
17,2108,29-07-2023,70,60,Premium
1,2109,04-06-2023,90,80,Premium
16,2110,30-07-2023,80,70,Premium
12,2111,02-03-2023,80,70,Premium
23,2112,09-04-2023,60,50,Standard
16,2113,25-06-2023,40,30,Standard
3,2114,19-01-2023,70,60,Premium
9,2115,11-02-2023,30,20,Basic
18,2116,10-03-2023,90,80,Premium
13,2117,19-02-2023,60,50,Standard
12,2118,26-01-2023,100,90,Premium
4,2119,03-06-2023,20,10,Basic
1,2120,04-05-2023,50,40,Standard
19,2121,14-06-2023,30,20,Basic
10,2122,25-03-2023,40,30,Standard
18,2123,11-07-2023,50,40,Standard
4,2124,31-01-2023,40,30,Standard
1,2125,15-02-2023,100,90,Premium
24,2126,30-04-2023,20,10,Basic
5,2127,01-01-2023,60,50,Standard
22,2128,26-03-2023,90,80,Premium
6,2129,22-02-2023,50,40,Standard
24,2130,22-04-2023,60,50,Standard
9,2131,23-05-2023,60,50,Standard
15,2132,16-03-2023,20,10,Basic
22,2133,06-03-2023,40,30,Standard
21,2134,27-01-2023,70,60,Premium
10,2135,01-06-2023,20,10,Basic
13,2136,03-02-2023,100,90,Premium
20,2137,15-03-2023,80,70,Premium
25,2138,08-01-2023,90,80,Premium
16,2139,04-01-2023,100,90,Premium
7,2140,13-05-2023,60,50,Standard
19,2141,01-03-2023,100,90,Premium
25,2142,07-04-2023,80,70,Premium
9,2143,24-04-2023,20,10,Basic
21,2144,13-05-2023,30,20,Basic
8,2145,18-02-2023,70,60,Premium
23,2146,01-05-2023,40,30,Standard
8,2147,17-02-2023,50,40,Standard
7,2148,18-06-2023,60,50,Standard
6,2149,23-02-2023,50,40,Standard
9,2150,08-07-2023,90,80,Premium
1,2151,27-01-2023,60,50,Standard
12,2152,19-02-2023,30,20,Basic
22,2153,26-03-2023,70,60,Premium
21,2154,24-04-2023,90,80,Premium
5,2155,15-07-2023,90,80,Premium
24,2156,30-05-2023,70,60,Premium
9,2157,08-07-2023,40,30,Standard
3,2158,14-06-2023,30,20,Basic
22,2159,12-04-2023,60,50,Standard
3,2160,04-04-2023,40,30,Standard
10,2161,27-03-2023,90,80,Premium
14,2162,29-05-2023,70,60,Premium
3,2163,31-05-2023,20,10,Basic
2,2164,10-06-2023,70,60,Premium
21,2165,21-03-2023,50,40,Standard
12,2166,22-02-2023,100,90,Premium
20,2167,28-01-2023,20,10,Basic
19,2168,14-05-2023,80,70,Premium
14,2169,08-06-2023,90,80,Premium
20,2170,20-06-2023,80,70,Premium
25,2171,09-04-2023,70,60,Premium
22,2172,29-03-2023,50,40,Standard
24,2173,11-02-2023,50,40,Standard
6,2174,27-04-2023,90,80,Premium
19,2175,18-07-2023,60,50,Standard
5,2176,03-06-2023,30,20,Basic
16,2177,01-01-2023,70,60,Premium
21,2178,22-04-2023,40,30,Standard
16,2179,25-02-2023,40,30,Standard
9,2180,14-07-2023,100,90,Premium
20,2181,19-03-2023,80,70,Premium
19,2182,19-05-2023,30,20,Basic
13,2183,01-08-2023,90,80,Premium
12,2184,27-04-2023,30,20,Basic
4,2185,02-07-2023,40,30,Standard
2,2186,20-07-2023,70,60,Premium
8,2187,30-01-2023,30,20,Basic
24,2188,08-02-2023,100,90,Premium
21,2189,14-01-2023,50,40,Standard
4,2190,13-03-2023,60,50,Standard
16,2191,13-07-2023,40,30,Standard
15,2192,28-04-2023,30,20,Basic
5,2193,09-04-2023,100,90,Premium
1,2194,23-07-2023,50,40,Standard
16,2195,04-04-2023,60,50,Standard
25,2196,06-02-2023,40,30,Standard
11,2197,27-06-2023,90,80,Premium
21,2198,23-06-2023,40,30,Standard
17,2199,02-04-2023,90,80,Premium
8,2200,14-05-2023,50,40,Standard
4,2201,16-02-2023,80,70,Premium
