Username,Zoom,Facebook,Netflix,Google Maps,WhatsApp,Pinterest,Microsoft Office,Amazon,Airbnb,LinkedIn,Snapchat,WhatsApp Business,TikTok,Microsoft Teams,Twitter,Google Chrome,Amazon Prime Video,YouTube,Uber,Adobe Photoshop,Telegram,Spotify,Instagram,Google Meet,Gmail
Abigail,1103,2256,1118,3619,754,2180,2971,1616,2267,830,3392,1435,933,3966,2961,1356,1111,2798,2250,1081,5402,2187,3928,1738,1026
Alexander,159,1272,2956,2070,null,935,2055,828,4139,698,2942,4248,1685,3238,1339,3487,2986,3459,2183,1872,1822,3211,3218,2278,1648
Amelia,2661,2310,2470,844,1385,5189,1474,2599,2168,1085,761,3281,1998,2099,980,1357,1395,450,null,null,3070,5425,2084,661,4285
Ava,1837,3709,1370,994,2223,950,3384,3394,1561,1175,4761,2872,1666,2651,2841,2265,235,1584,1677,3622,2333,1374,2657,1043,1722
Benjamin,963,1408,2223,3361,896,2850,2026,2813,779,1312,4262,2119,401,1091,2693,1624,1784,3799,2996,2530,2829,1625,434,2444,1238
Charlotte,1161,3685,2007,1177,3023,1440,2274,2460,2021,1929,1742,3174,1204,3301,2806,1203,3774,1677,3773,1319,1960,1005,1370,1811,1621
Daniel,1443,1409,2217,1370,2744,616,1809,1809,2196,975,603,1205,883,null,2611,826,2045,868,null,862,1444,726,1026,745,1391
David,3636,492,562,2377,2451,1501,3443,1971,2114,202,1383,1212,1762,2436,1360,4388,2397,825,2245,2418,2110,198,1012,2837,1949
Elijah,3196,1495,3336,4238,1477,1197,2737,1486,1692,2640,1747,814,1948,1909,112,2291,2114,3815,4389,2063,812,1277,1049,2989,1441
Emma,1001,3077,3652,706,1778,3054,1737,493,5392,2096,229,2089,5518,1910,768,1269,1129,2148,2033,1664,1460,1191,1930,1627,2313
Ethan,5814,2446,1504,345,1526,700,2065,397,2230,534,797,5976,2052,2180,758,2777,2657,128,1836,624,2719,2335,2302,2708,1918
Evelyn,2674,1304,797,1898,2852,2262,1891,2581,1932,1388,773,1926,1827,1684,1154,1136,1203,1661,1848,287,4853,2965,962,825,2835
Harper,528,1702,2419,1187,603,null,1427,1978,899,2700,5767,2674,713,908,null,1670,1327,2012,1225,1265,2952,655,1169,2354,464
Henry,791,1994,null,3493,909,1329,2259,576,2170,595,1166,2471,554,null,1359,2706,945,644,3660,2664,1904,1177,1175,2008,3189
Isabella,610,770,2227,3377,2486,1963,1134,3707,2848,2164,1118,808,null,3288,1006,1213,2118,851,215,1176,2606,1009,2071,810,2648
James,1330,null,2201,1261,1936,654,1979,1140,1682,580,416,3093,1974,2524,340,1597,1589,2141,2604,1925,1419,2463,926,2296,1419
John,452,1182,3131,2119,1819,2513,2023,1459,734,1496,2673,3111,4104,2462,2069,3613,840,2726,202,915,2245,371,1977,1934,817
Liam,604,1414,663,null,null,1553,2205,1729,2278,2838,523,1195,1067,1299,3839,401,617,3234,3273,1547,1161,1668,320,2081,884
Lucas,126,3859,3112,285,2360,1754,969,2282,511,4273,2490,1687,830,2031,3791,3004,1163,1666,1164,824,3180,1669,1299,2118,1271
Mary,2113,1546,3455,2453,310,933,1833,2249,3433,1168,1965,2089,1006,2668,260,818,null,2675,1455,1891,1878,3510,735,898,995
Mia,2353,3027,1800,627,4237,1996,2252,621,3015,1391,2577,636,4720,3240,2437,2971,2408,827,2808,2203,1752,null,1000,3249,3091
Noah,3741,3158,1779,2553,5348,2234,296,1906,3338,4016,3332,2824,2519,2106,2973,1675,2996,1293,1720,2076,1201,2929,616,1364,null
Oliver,1567,525,null,1902,1480,1221,1450,5064,1878,4084,1469,1915,786,1793,703,1472,1313,1634,1010,3164,1416,2676,1677,3342,1575
Olivia,3017,1977,2971,1289,2552,1652,1010,2393,642,3009,2107,4006,null,853,658,916,2087,2382,2396,3158,1593,1841,943,2731,1446
Sophia,4746,2934,2945,759,714,4394,3440,1806,568,878,2709,2842,2557,3322,2163,2465,2143,3281,1707,1939,2225,2047,291,749,1554
